SampleID,PatientID,Date,TestCode,Value,Unit,LabID,Ref_Low,Ref_High,Value_SI
S-1001,PT-001,14.03.2023,GLU,9.2,mmol/L,LAB-A,3.3,5.5,9.2
S-1002,PT-001,14.03.2023,HBA1C,8.7,%,LAB-A,4.0,6.0,
S-1003,PT-001,09.09.2023,GLU,7.8,mmol/L,LAB-B,3.3,5.5,7.8
S-1004,PT-002,09.04.2023,GLU,11.5,mmol/L,LAB-A,3.3,5.5,11.5
S-1005,PT-002,09.04.2023,CHBA1,9.2,%,LAB-A,4.0,6.0,
S-1006,PT-003,31.05.2023,GLU,6.9,mmol/L,LAB-C,70.0,100.0,6.9
S-1007,PT-003,31.05.2023,HBA1C,7.1,%,LAB-C,4.0,6.0,
S-1008,PT-001,19.03.2024,GLU,5.4,mmol/L,LAB-A,3.3,5.5,5.4
S-1009,PT-001,19.03.2024,HBA1C,6.9,%,LAB-A,4.0,6.0,
S-1010,PT-001,19.03.2024,ALT,45.0,U/L,LAB-A,10.0,40.0,
