date_time,systolic,diastolic,heart_rate,measurement_position,arm,notes
2024-03-01 07:30:00,148,92,78,sitting,left,утро до завтрака
2024-03-01 19:45:00,152,94,82,sitting,left,вечер после работы
2024-03-02 08:15:00,145,90,76,sitting,right,
2024-03-02 21:00:00,150,95,80,sitting,left,перед сном
2024-03-03 10:30:00,142,88,74,sitting,left,после завтрака
2024-03-04 07:45:00,155,98,84,sitting,left,утро
2024-03-04 18:30:00,160,100,88,standing,left,после физической нагрузки
2024-03-05 09:00:00,138,86,72,sitting,right,
2024-03-06 08:00:00,150,92,78,sitting,left,
2024-03-06 20:15:00,148,94,80,sitting,left,
2024-03-07 07:30:00,162,102,90,sitting,left,головная боль
2024-03-07 14:00:00,158,98,86,sitting,left,после стрессовой ситуации
2024-03-07 21:30:00,152,96,82,sitting,left,
2024-03-08 08:45:00,140,88,76,sitting,right,
2024-03-09 09:15:00,145,90,78,sitting,left,
2024-03-10 07:30:00,156,100,85,sitting,left,плохой сон
2024-03-10 19:00:00,154,98,83,sitting,left,
2024-03-11 08:30:00,142,88,77,sitting,right,
2024-03-12 07:45:00,148,92,79,sitting,left,
2024-03-12 18:45:00,152,94,81,sitting,left,
2024-03-13 09:00:00,138,86,75,sitting,left,
2024-03-14 08:15:00,160,100,87,sitting,left,после кофе
2024-03-14 20:30:00,158,98,85,sitting,left,
2024-03-15 07:30:00,144,90,76,sitting,right,
2024-03-16 10:00:00,146,92,78,sitting,left,выходной
2024-03-17 08:45:00,150,94,80,sitting,left,
2024-03-18 07:15:00,162,102,89,sitting,left,утро перед визитом к врачу
2024-03-18 12:30:00,155,96,84,sitting,left,перед обедом
2024-03-18 20:00:00,152,94,82,sitting,left,
2024-03-19 08:00:00,148,92,79,sitting,left,день визита
2024-03-19 19:30:00,150,94,81,sitting,left,
2024-03-20 07:45:00,142,88,77,sitting,right,
2024-03-20 18:00:00,146,90,79,sitting,left,
2024-03-21 08:30:00,140,86,75,sitting,left,
2024-03-22 09:00:00,144,88,76,sitting,right,
2024-03-23 10:30:00,138,84,74,sitting,left,выходной
2024-03-24 08:15:00,152,94,80,sitting,left,
2024-03-25 07:30:00,158,98,85,sitting,left,
2024-03-26 08:45:00,146,90,78,sitting,left,
2024-03-27 09:15:00,142,88,77,sitting,right,
2024-03-28 07:45:00,150,92,79,sitting,left,
2024-03-29 08:30:00,154,96,82,sitting,left,
2024-03-30 10:00:00,140,86,76,sitting,left,выходной
2024-03-31 08:00:00,148,92,78,sitting,left,конец месяца
