timestamp,glucose_mg_dl,glucose_mmol_l,trend_arrow,sensor_status,event,,,,
2024-03-19 00:00:00,152,8.4,↑↑,OK,,,,,
2024-03-19 00:05:00,149,8.3,↑,OK,,,,,
2024-03-19 00:10:00,145,8.0,→,OK,,,,,
2024-03-19 00:15:00,142,7.9,→,OK,,,,,
2024-03-19 00:20:00,138,7.7,↓,OK,,,,,
2024-03-19 00:25:00,135,7.5,↓,OK,,,,,
2024-03-19 00:30:00,132,7.3,↓↓,OK,,,,,
2024-03-19 00:35:00,128,7.1,↓↓,OK,,,,,
2024-03-19 00:40:00,125,6.9,↓,OK,,,,,
2024-03-19 00:45:00,122,6.8,↓,OK,,,,,
2024-03-19 00:50:00,118,6.6,↓↓,OK,,,,,
2024-03-19 00:55:00,115,6.4,↓,OK,,,,,
2024-03-19 01:00:00,112,6.2,↓,OK,,,,,
2024-03-19 01:05:00,110,6.1,→,OK,,,,,
2024-03-19 01:10:00,108,6.0,→,OK,,,,,
2024-03-19 01:15:00,106,5.9,→,OK,,,,,
2024-03-19 01:20:00,105,5.8,→,OK,,,,,
2024-03-19 01:25:00,104,5.8,→,OK,,,,,
2024-03-19 01:30:00,103,5.7,→,OK,,,,,
2024-03-19 01:35:00,102,5.7,→,OK,,,,,
2024-03-19 01:40:00,101,5.6,→,OK,,,,,
2024-03-19 01:45:00,100,5.6,→,OK,,,,,
2024-03-19 01:50:00,99,5.5,→,OK,,,,,
2024-03-19 01:55:00,98,5.4,→,OK,,,,,
2024-03-19 02:00:00,97,5.4,→,OK,,,,,
2024-03-19 02:05:00,96,5.3,↓,OK,,,,,
2024-03-19 02:10:00,95,5.3,↓,OK,,,,,
2024-03-19 02:15:00,94,5.2,↓,OK,,,,,
2024-03-19 02:20:00,93,5.2,↓,OK,,,,,
2024-03-19 02:25:00,92,5.1,↓,OK,,,,,
2024-03-19 02:30:00,91,5.0,↓,OK,,,,,
2024-03-19 02:35:00,90,5.0,↓,OK,,,,,
2024-03-19 02:40:00,89,4.9,↓,OK,,,,,
2024-03-19 02:45:00,88,4.9,↓,OK,,,,,
2024-03-19 02:50:00,87,4.8,↓,OK,,,,,
2024-03-19 02:55:00,86,4.8,↓,OK,,,,,
2024-03-19 03:00:00,85,4.7,↓,OK,,,,,
2024-03-19 03:05:00,84,4.7,↓,OK,,,,,
2024-03-19 03:10:00,83,4.6,↓,OK,,,,,
2024-03-19 03:15:00,82,4.6,↓,OK,,,,,
2024-03-19 03:20:00,81,4.5,↓,OK,,,,,
2024-03-19 03:25:00,80,4.4,↓,OK,,,,,
2024-03-19 03:30:00,79,4.4,↓,OK,,,,,
2024-03-19 03:35:00,78,4.3,↓,OK,,,,,
2024-03-19 03:40:00,77,4.3,↓,OK,,,,,
2024-03-19 03:45:00,76,4.2,↓,OK,,,,,
2024-03-19 03:50:00,75,4.2,↓,OK,,,,,
2024-03-19 03:55:00,74,4.1,↓,OK,,,,,
2024-03-19 04:00:00,73,4.1,↓,OK,,,,,
2024-03-19 04:05:00,72,4.0,↓,OK,,,,,
2024-03-19 04:10:00,71,3.9,↓,OK,,,,,
2024-03-19 04:15:00,70,3.9,↓↓,OK,,,,,
2024-03-19 04:20:00,69,3.8,↓↓,LOW,,,,,
2024-03-19 04:25:00,68,3.8,↓↓,LOW,,,,,
2024-03-19 04:30:00,67,3.7,↓↓,LOW,,,,,
2024-03-19 04:35:00,68,3.8,→,LOW,,,,,
2024-03-19 04:40:00,70,3.9,↑,LOW,,,,,
2024-03-19 04:45:00,72,4.0,↑,OK,,,,,
2024-03-19 04:50:00,74,4.1,↑,OK,,,,,
2024-03-19 04:55:00,76,4.2,↑,OK,,,,,
2024-03-19 05:00:00,78,4.3,↑,OK,,,,,
2024-03-19 05:05:00,80,4.4,↑,OK,,,,,
2024-03-19 05:10:00,82,4.6,↑,OK,,,,,
2024-03-19 05:15:00,84,4.7,↑,OK,,,,,
2024-03-19 05:20:00,86,4.8,↑,OK,,,,,
2024-03-19 05:25:00,88,4.9,↑,OK,,,,,
2024-03-19 05:30:00,90,5.0,↑,OK,,,,,
2024-03-19 05:35:00,92,5.1,↑,OK,,,,,
2024-03-19 05:40:00,94,5.2,↑,OK,,,,,
2024-03-19 05:45:00,96,5.3,↑,OK,,,,,
2024-03-19 05:50:00,98,5.4,↑,OK,,,,,
2024-03-19 05:55:00,100,5.6,↑,OK,,,,,
2024-03-19 06:00:00,102,5.7,↑,OK,,,,,
2024-03-19 06:05:00,104,5.8,↑,OK,,,,,
2024-03-19 06:10:00,106,5.9,↑,OK,,,,,
2024-03-19 06:15:00,108,6.0,↑,OK,,,,,
2024-03-19 06:20:00,110,6.1,↑,OK,,,,,
2024-03-19 06:25:00,112,6.2,↑,OK,,,,,
2024-03-19 06:30:00,114,6.3,↑,OK,,,,,
2024-03-19 06:35:00,116,6.4,↑,OK,,,,,
2024-03-19 06:40:00,118,6.6,↑,OK,,,,,
2024-03-19 06:45:00,120,6.7,↑,OK,,,,,
2024-03-19 06:50:00,122,6.8,↑,OK,,,,,
2024-03-19 06:55:00,124,6.9,↑,OK,,,,,
2024-03-19 07:00:00,126,7.0,↑,OK,,,,,
2024-03-19 07:05:00,128,7.1,↑,OK,,,,,
2024-03-19 07:10:00,130,7.2,↑,OK,,,,,
2024-03-19 07:15:00,132,7.3,↑,OK,,,,,
2024-03-19 07:20:00,134,7.4,↑,OK,,,,,
2024-03-19 07:25:00,136,7.5,↑,OK,,,,,
2024-03-19 07:30:00,138,7.7,↑,OK,,,,,
2024-03-19 07:35:00,140,7.8,↑,OK,,,,,
2024-03-19 07:40:00,142,7.9,↑,OK,,,,,
2024-03-19 07:45:00,144,8.0,↑,OK,,,,,
2024-03-19 07:50:00,146,8.1,↑,OK,,,,,
2024-03-19 07:55:00,148,8.2,↑,OK,,,,,
2024-03-19 08:00:00,150,8.3,↑,OK,,,,,
2024-03-19 08:05:00,152,8.4,↑,OK,,,,,
2024-03-19 08:10:00,154,8.5,↑,OK,,,,,
2024-03-19 08:15:00,185,10.3,↑↑↑,OK,breakfast,,,,
2024-03-19 08:20:00,195,10.8,↑↑,OK,,,,,
2024-03-19 08:25:00,205,11.4,↑↑,OK,,,,,
2024-03-19 08:30:00,215,11.9,↑↑,OK,,,,,
2024-03-19 08:35:00,225,12.5,↑↑,HIGH,,,,,
2024-03-19 08:40:00,235,13.0,↑↑,HIGH,,,,,
2024-03-19 08:45:00,230,12.8,↓,HIGH,,,,,
2024-03-19 08:50:00,225,12.5,↓,HIGH,,,,,
2024-03-19 08:55:00,220,12.2,↓,OK,,,,,
2024-03-19 09:00:00,215,11.9,↓,OK,,,,,
2024-03-19 09:05:00,210,11.7,↓,OK,,,,,
2024-03-19 09:10:00,205,11.4,↓,OK,,,,,
2024-03-19 09:15:00,200,11.1,↓,OK,,,,,
2024-03-19 09:20:00,195,10.8,↓,OK,,,,,
2024-03-19 09:25:00,190,10.6,↓,OK,,,,,
2024-03-19 09:30:00,185,10.3,↓,OK,,,,,
2024-03-19 09:35:00,180,10.0,↓,OK,,,,,
2024-03-19 09:40:00,175,9.7,↓,OK,,,,,
2024-03-19 09:45:00,170,9.4,↓,OK,,,,,
2024-03-19 09:50:00,165,9.2,↓,OK,,,,,
2024-03-19 09:55:00,160,8.9,↓,OK,,,,,
2024-03-19 10:00:00,155,8.6,↓,OK,,,,,
2024-03-19 10:05:00,150,8.3,↓,OK,,,,,
2024-03-19 10:10:00,145,8.0,↓,OK,,,,,
2024-03-19 10:15:00,140,7.8,↓,OK,,,,,
2024-03-19 10:20:00,135,7.5,↓,OK,,,,,
2024-03-19 10:25:00,130,7.2,↓,OK,,,,,
2024-03-19 10:30:00,125,6.9,↓,OK,,,,,
2024-03-19 10:35:00,120,6.7,↓,OK,,,,,
2024-03-19 10:40:00,115,6.4,↓,OK,,,,,
2024-03-19 10:45:00,110,6.1,↓,OK,,,,,
2024-03-19 10:50:00,105,5.8,↓,OK,,,,,
2024-03-19 10:55:00,100,5.6,↓,OK,,,,,
2024-03-19 11:00:00,95,5.3,↓,OK,,,,,
2024-03-19 11:05:00,90,5.0,↓,OK,,,,,
2024-03-19 11:10:00,85,4.7,↓,OK,,,,,
2024-03-19 11:15:00,80,4.4,↓,OK,,,,,
2024-03-19 11:20:00,75,4.2,↓↓,OK,,,,,
2024-03-19 11:25:00,70,3.9,↓↓,LOW,,,,,
2024-03-19 11:30:00,72,4.0,↑,LOW,,,,,
2024-03-19 11:35:00,75,4.2,↑,OK,,,,,
2024-03-19 11:40:00,78,4.3,↑,OK,,,,,
2024-03-19 11:45:00,80,4.4,↑,OK,,,,,
2024-03-19 11:50:00,82,4.6,↑,OK,,,,,
2024-03-19 11:55:00,85,4.7,↑,OK,,,,,
2024-03-19 12:00:00,88,4.9,↑,OK,,,,,
2024-03-19 12:05:00,90,5.0,↑,OK,,,,,
2024-03-19 12:10:00,92,5.1,↑,OK,,,,,
2024-03-19 12:15:00,95,5.3,↑,OK,,,,,
2024-03-19 12:20:00,98,5.4,↑,OK,,,,,
2024-03-19 12:25:00,100,5.6,↑,OK,,,,,
2024-03-19 12:30:00,130,7.2,↑↑↑,OK,lunch,,,,
2024-03-19 12:35:00,145,8.0,↑↑,OK,,,,,
2024-03-19 12:40:00,160,8.9,↑↑,OK,,,,,
2024-03-19 12:45:00,175,9.7,↑↑,OK,,,,,
2024-03-19 12:50:00,185,10.3,↑,OK,,,,,
2024-03-19 12:55:00,190,10.6,↑,OK,,,,,
2024-03-19 13:00:00,195,10.8,↑,OK,,,,,
2024-03-19 13:05:00,195,10.8,→,OK,,,,,
2024-03-19 13:10:00,190,10.6,↓,OK,,,,,
2024-03-19 13:15:00,185,10.3,↓,OK,,,,,
2024-03-19 13:20:00,180,10.0,↓,OK,,,,,
2024-03-19 13:25:00,175,9.7,↓,OK,,,,,
2024-03-19 13:30:00,170,9.4,↓,OK,,,,,
2024-03-19 13:35:00,165,9.2,↓,OK,,,,,
2024-03-19 13:40:00,160,8.9,↓,OK,,,,,
2024-03-19 13:45:00,155,8.6,↓,OK,,,,,
2024-03-19 13:50:00,150,8.3,↓,OK,,,,,
2024-03-19 13:55:00,145,8.0,↓,OK,,,,,
2024-03-19 14:00:00,140,7.8,↓,OK,,,,,
2024-03-19 14:05:00,135,7.5,↓,OK,,,,,
2024-03-19 14:10:00,130,7.2,↓,OK,,,,,
2024-03-19 14:15:00,125,6.9,↓,OK,,,,,
2024-03-19 14:20:00,120,6.7,↓,OK,,,,,
2024-03-19 14:25:00,115,6.4,↓,OK,,,,,
2024-03-19 14:30:00,110,6.1,↓,OK,,,,,
2024-03-19 14:35:00,105,5.8,↓,OK,,,,,
2024-03-19 14:40:00,100,5.6,↓,OK,,,,,
2024-03-19 14:45:00,95,5.3,↓,OK,,,,,
2024-03-19 14:50:00,90,5.0,↓,OK,,,,,
2024-03-19 14:55:00,85,4.7,↓,OK,,,,,
2024-03-19 15:00:00,80,4.4,↓,OK,,,,,
2024-03-19 15:05:00,78,4.3,↓,OK,,,,,
2024-03-19 15:10:00,76,4.2,↓,OK,,,,,
2024-03-19 15:15:00,74,4.1,↓,OK,,,,,
2024-03-19 15:20:00,72,4.0,↓,OK,,,,,
2024-03-19 15:25:00,70,3.9,↓,LOW,,,,,
2024-03-19 15:30:00,72,4.0,↑,LOW,,,,,
2024-03-19 15:35:00,75,4.2,↑,OK,,,,,
2024-03-19 15:40:00,78,4.3,↑,OK,,,,,
2024-03-19 15:45:00,80,4.4,↑,OK,,,,,
2024-03-19 15:50:00,82,4.6,↑,OK,,,,,
2024-03-19 15:55:00,85,4.7,↑,OK,,,,,
2024-03-19 16:00:00,88,4.9,↑,OK,,,,,
2024-03-19 16:05:00,90,5.0,↑,OK,,,,,
2024-03-19 16:10:00,92,5.1,↑,OK,,,,,
2024-03-19 16:15:00,95,5.3,↑,OK,,,,,
2024-03-19 16:20:00,98,5.4,↑,OK,,,,,
2024-03-19 16:25:00,100,5.6,↑,OK,,,,,
2024-03-19 16:30:00,102,5.7,↑,OK,,,,,
2024-03-19 16:35:00,105,5.8,↑,OK,,,,,
2024-03-19 16:40:00,108,6.0,↑,OK,,,,,
2024-03-19 16:45:00,110,6.1,↑,OK,,,,,
2024-03-19 16:50:00,112,6.2,↑,OK,,,,,
2024-03-19 16:55:00,115,6.4,↑,OK,,,,,
2024-03-19 17:00:00,120,6.7,↑↑,OK,,,,,
2024-03-19 17:05:00,125,6.9,↑↑,OK,,,,,
2024-03-19 17:10:00,130,7.2,↑↑,OK,,,,,
2024-03-19 17:15:00,135,7.5,↑↑,OK,,,,,
2024-03-19 17:20:00,140,7.8,↑↑,OK,,,,,
2024-03-19 17:25:00,145,8.0,↑↑,OK,,,,,
2024-03-19 17:30:00,150,8.3,↑↑,OK,,,,,
2024-03-19 17:35:00,155,8.6,↑↑,OK,,,,,
2024-03-19 17:40:00,160,8.9,↑↑,OK,,,,,
2024-03-19 17:45:00,165,9.2,↑↑,OK,,,,,
2024-03-19 17:50:00,170,9.4,↑↑,OK,,,,,
2024-03-19 17:55:00,175,9.7,↑↑,OK,,,,,
2024-03-19 18:00:00,180,10.0,↑↑,OK,,,,,
2024-03-19 18:05:00,200,11.1,↑↑↑,OK,dinner,,,,
2024-03-19 18:10:00,210,11.7,↑↑,OK,,,,,
2024-03-19 18:15:00,215,11.9,↑,OK,,,,,
2024-03-19 18:20:00,220,12.2,↑,OK,,,,,
2024-03-19 18:25:00,225,12.5,↑,HIGH,,,,,
2024-03-19 18:30:00,230,12.8,↑,HIGH,,,,,
2024-03-19 18:35:00,235,13.0,↑,HIGH,,,,,
2024-03-19 18:40:00,240,13.3,↑,HIGH,,,,,
2024-03-19 18:45:00,235,13.0,↓,HIGH,,,,,
2024-03-19 18:50:00,230,12.8,↓,HIGH,,,,,
2024-03-19 18:55:00,225,12.5,↓,OK,,,,,
2024-03-19 19:00:00,220,12.2,↓,OK,,,,,
2024-03-19 19:05:00,215,11.9,↓,OK,,,,,
2024-03-19 19:10:00,210,11.7,↓,OK,,,,,
2024-03-19 19:15:00,205,11.4,↓,OK,,,,,
2024-03-19 19:20:00,200,11.1,↓,OK,,,,,
2024-03-19 19:25:00,195,10.8,↓,OK,,,,,
2024-03-19 19:30:00,190,10.6,↓,OK,,,,,
2024-03-19 19:35:00,185,10.3,↓,OK,,,,,
2024-03-19 19:40:00,180,10.0,↓,OK,,,,,
2024-03-19 19:45:00,175,9.7,↓,OK,,,,,
2024-03-19 19:50:00,170,9.4,↓,OK,,,,,
2024-03-19 19:55:00,165,9.2,↓,OK,,,,,
2024-03-19 20:00:00,160,8.9,↓,OK,,,,,
2024-03-19 20:05:00,155,8.6,↓,OK,,,,,
2024-03-19 20:10:00,150,8.3,↓,OK,,,,,
2024-03-19 20:15:00,145,8.0,↓,OK,,,,,
2024-03-19 20:20:00,140,7.8,↓,OK,,,,,
2024-03-19 20:25:00,135,7.5,↓,OK,,,,,
2024-03-19 20:30:00,130,7.2,↓,OK,,,,,
2024-03-19 20:35:00,125,6.9,↓,OK,,,,,
2024-03-19 20:40:00,120,6.7,↓,OK,,,,,
2024-03-19 20:45:00,115,6.4,↓,OK,,,,,
2024-03-19 20:50:00,110,6.1,↓,OK,,,,,
2024-03-19 20:55:00,105,5.8,↓,OK,,,,,
2024-03-19 21:00:00,100,5.6,↓,OK,,,,,
2024-03-19 21:05:00,95,5.3,↓,OK,,,,,
2024-03-19 21:10:00,90,5.0,↓,OK,,,,,
2024-03-19 21:15:00,85,4.7,↓,OK,,,,,
2024-03-19 21:20:00,80,4.4,↓,OK,,,,,
2024-03-19 21:25:00,75,4.2,↓,OK,,,,,
2024-03-19 21:30:00,70,3.9,↓,LOW,,,,,
2024-03-19 21:35:00,75,4.2,↑,LOW,,,,,
2024-03-19 21:40:00,80,4.4,↑,OK,,,,,
2024-03-19 21:45:00,85,4.7,↑,OK,,,,,
2024-03-19 21:50:00,90,5.0,↑,OK,,,,,
2024-03-19 21:55:00,95,5.3,↑,OK,,,,,
2024-03-19 22:00:00,100,5.6,↑,OK,,,,,
2024-03-19 22:05:00,105,5.8,↑,OK,,,,,
2024-03-19 22:10:00,110,6.1,↑,OK,,,,,
2024-03-19 22:15:00,115,6.4,↑,OK,,,,,
2024-03-19 22:20:00,120,6.7,↑,OK,,,,,
2024-03-19 22:25:00,125,6.9,↑,OK,,,,,
2024-03-19 22:30:00,130,7.2,↑,OK,,,,,
2024-03-19 22:35:00,135,7.5,↑,OK,,,,,
2024-03-19 22:40:00,140,7.8,↑,OK,,,,,
2024-03-19 22:45:00,145,8.0,↑,OK,,,,,
2024-03-19 22:50:00,150,8.3,↑,OK,,,,,
2024-03-19 22:55:00,155,8.6,↑,OK,,,,,
2024-03-19 23:00:00,160,8.9,↑,OK,,,,,
2024-03-19 23:05:00,155,8.6,↓,OK,,,,,
2024-03-19 23:10:00,150,8.3,↓,OK,,,,,
2024-03-19 23:15:00,145,8.0,↓,OK,,,,,
2024-03-19 23:20:00,140,7.8,↓,OK,,,,,
2024-03-19 23:25:00,135,7.5,↓,OK,,,,,
2024-03-19 23:30:00,130,7.2,↓,OK,,,,,
2024-03-19 23:35:00,125,6.9,↓,OK,,,,,
2024-03-19 23:40:00,120,6.7,↓,OK,,,,,
2024-03-19 23:45:00,115,6.4,↓,OK,,,,,
2024-03-19 23:50:00,110,6.1,↓,OK,,,,,
2024-03-19 23:55:00,105,5.8,↓,OK,,,,,
,,,,,,,,,
,,,,,,,,,
,,,,,,,,,
,,,,,,,,,
,,,,,,,,,
,,,,,,,,,
,,,,,,,,,Аналитические показатели (для проверки):
,,,,,,,,,"Гипогликемия (<70 мг/дл): 04:20-04:35, 11:25-11:30, 15:25-15:30, 21:30"
,,,,,,,,,"Гипергликемия (>180 мг/дл): 08:35-08:50, 18:25-18:50"
,,,,,,,,,Time in Range (70-180 мг/дл): ~80%
,,,,,,,,,Гликемическая вариабельность: высокая
