time,steps,heart_rate,activity_zone,metabolic_equivalent
00:00-01:00,0,65,sleep,0.9
01:00-02:00,0,63,sleep,0.9
02:00-03:00,0,64,sleep,0.9
03:00-04:00,0,66,sleep,1.0
04:00-05:00,0,68,sleep,1.0
05:00-06:00,15,70,sedentary,1.2
06:00-07:00,120,75,light,1.5
07:00-08:00,850,82,moderate,3.5
08:00-09:00,1250,88,moderate,4.0
09:00-10:00,980,85,moderate,3.8
10:00-11:00,420,78,light,2.5
11:00-12:00,620,80,light,2.8
12:00-13:00,1150,86,moderate,4.2
13:00-14:00,780,83,moderate,3.6
14:00-15:00,350,76,light,2.2
15:00-16:00,480,79,light,2.6
16:00-17:00,920,84,moderate,3.7
17:00-18:00,1080,87,moderate,4.1
18:00-19:00,650,82,light,2.9
19:00-20:00,320,77,light,2.3
20:00-21:00,180,73,sedentary,1.8
21:00-22:00,90,70,sedentary,1.5
22:00-23:00,25,68,sedentary,1.3
23:00-00:00,0,66,sleep,1.0