date,steps,distance_km,calories_burned,active_minutes,sedentary_minutes,floors,heart_rate_avg,sleep_hours,stress_level
2024-03-01,8452,6.2,420,45,680,8,78,6.5,medium
2024-03-02,12045,8.8,580,85,620,15,82,7.0,low
2024-03-03,5230,3.8,310,25,710,4,76,8.2,low
2024-03-04,9870,7.2,510,65,650,12,80,6.8,medium
2024-03-05,11230,8.2,590,75,630,14,83,7.2,medium
2024-03-06,7560,5.5,410,40,670,9,79,6.3,high
2024-03-07,13420,9.8,680,95,600,18,85,7.5,low
2024-03-08,6820,5.0,380,35,685,7,77,6.0,high
2024-03-09,10450,7.6,540,70,640,13,81,7.8,low
2024-03-10,9200,6.7,480,60,655,11,79,7.0,medium
2024-03-11,11870,8.7,610,80,625,16,84,6.5,medium
2024-03-12,7950,5.8,430,45,670,10,78,6.8,high
2024-03-13,14320,10.5,720,100,595,20,87,7.2,low
2024-03-14,6100,4.5,350,30,690,6,75,8.0,low
2024-03-15,10230,7.5,530,68,645,12,80,6.7,medium
2024-03-16,8760,6.4,460,55,660,9,78,7.5,low
2024-03-17,12980,9.5,660,90,610,17,86,6.9,medium
2024-03-18,7030,5.1,390,38,680,8,76,6.2,high
2024-03-19,9540,7.0,500,62,650,11,79,7.0,medium
2024-03-20,11120,8.1,570,74,635,14,82,7.3,low
2024-03-21,8250,6.0,440,48,665,10,78,6.5,medium
2024-03-22,13760,10.1,700,98,605,19,88,7.8,low
2024-03-23,5800,4.2,330,28,695,5,74,8.5,low
2024-03-24,10080,7.4,520,66,645,13,81,6.9,medium
2024-03-25,8930,6.5,470,57,655,10,79,7.1,low
2024-03-26,11640,8.5,600,78,630,15,83,6.6,medium
2024-03-27,7680,5.6,420,42,675,8,77,6.4,high
2024-03-28,12560,9.2,640,88,615,16,85,7.4,medium
2024-03-29,6730,4.9,370,36,685,7,76,6.1,high
2024-03-30,10890,8.0,560,72,640,14,82,7.6,low
2024-03-31,9420,6.9,490,61,650,11,80,7.0,medium
