date,sleep_start,sleep_end,sleep_duration_h,deep_sleep_min,light_sleep_min,rem_sleep_min,awake_min,sleep_score,resting_hr
2024-03-01,23:15,06:45,6.5,85,210,95,30,72,65
2024-03-02,22:45,06:45,7.0,95,230,105,20,78,63
2024-03-03,23:30,07:45,8.2,110,280,120,10,85,62
2024-03-04,23:45,06:45,6.8,80,225,100,35,70,66
2024-03-05,23:15,07:15,7.2,90,240,110,20,76,64
2024-03-06,00:15,06:45,6.3,75,200,90,45,68,67
2024-03-07,22:30,06:30,7.5,100,250,115,15,80,62
2024-03-08,00:45,07:00,6.0,70,190,85,55,65,68
2024-03-09,22:15,06:45,7.8,105,260,115,10,82,61
2024-03-10,23:00,07:00,7.0,88,235,105,22,75,64
2024-03-11,23:30,06:45,6.5,82,215,95,38,71,66
2024-03-12,23:45,07:00,6.8,85,225,100,30,73,65
2024-03-13,22:45,06:45,7.2,92,240,108,20,77,63
2024-03-14,23:15,07:30,8.0,105,270,120,15,83,61
2024-03-15,23:30,06:45,6.7,83,220,98,29,72,65
2024-03-16,22:45,06:45,7.5,98,250,112,20,79,63
2024-03-17,23:00,07:00,7.0,90,235,105,20,76,64
2024-03-18,00:30,07:00,6.2,73,205,92,50,67,68
2024-03-19,23:15,07:00,7.0,89,230,104,27,74,65
2024-03-20,23:00,06:45,6.5,84,215,96,35,71,66